id,correctAnswer
102501,A
102502,D
102503,B
102504,C
102505,A
102506,B
102507,B
102508,A
102509,C
102510,C
102511,A
102512,C
102513,D
102514,D
102515,A
102516,A
102517,A
102518,A
102519,B
102520,A
102521,B
102522,B
102523,A
102524,B
102525,A
102526,D
102527,C
102528,D
102529,D
102530,C
102531,A
102532,C
102533,C
102534,B
102535,A
102536,D
102537,B
102538,A
102539,D
102540,A
102541,C
102542,A
102543,B
102544,B
102545,C
102546,B
102547,B
102548,B
102549,C
102550,B
102551,C
102552,B
102553,A
102554,D
102555,B
102556,A
102557,C
102558,D
102559,D
102560,A
102561,A
102562,D
102563,B
102564,A
102565,C
102566,B
102567,B
102568,A
102569,D
102570,D
102571,C
102572,D
102573,D
102574,B
102575,D
102576,D
102577,A
102578,A
102579,D
102580,D
102581,D
102582,D
102583,C
102584,C
102585,A
102586,B
102587,C
102588,B
102589,A
102590,D
102591,B
102592,D
102593,C
102594,B
102595,B
102596,B
102597,C
102598,C
102599,A
102600,D
102601,C
102602,C
102603,D
102604,A
102605,D
102606,A
102607,C
102608,C
102609,D
102610,C
102611,B
102612,C
102613,D
102614,D
102615,D
102616,C
102617,B
102618,D
102619,A
102620,A
102621,B
102622,A
102623,B
102624,B
102625,B
102626,C
102627,D
102628,C
102629,A
102630,A
102631,A
102632,B
102633,A
102634,A
102635,C
102636,B
102637,B
102638,D
102639,B
102640,B
102641,A
102642,A
102643,C
102644,B
102645,A
102646,C
102647,D
102648,B
102649,B
102650,D
102651,D
102652,C
102653,D
102654,D
102655,C
102656,B
102657,D
102658,C
102659,D
102660,C
102661,A
102662,B
102663,C
102664,C
102665,D
102666,C
102667,B
102668,C
102669,C
102670,B
102671,C
102672,C
102673,D
102674,C
102675,D
102676,A
102677,C
102678,D
102679,A
102680,D
102681,B
102682,C
102683,B
102684,D
102685,C
102686,C
102687,A
102688,A
102689,D
102690,D
102691,D
102692,C
102693,B
102694,A
102695,B
102696,A
102697,A
102698,A
102699,A
102700,A
102701,B
102702,D
102703,C
102704,C
102705,B
102706,C
102707,C
102708,C
102709,A
102710,B
102711,C
102712,C
102713,A
102714,D
102715,C
102716,A
102717,C
102718,B
102719,A
102720,B
102721,C
102722,B
102723,D
102724,A
102725,C
102726,C
102727,D
102728,A
102729,C
102730,B
102731,A
102732,D
102733,C
102734,B
102735,A
102736,D
102737,C
102738,C
102739,A
102740,B
102741,A
102742,B
102743,B
102744,C
102745,C
102746,B
102747,D
102748,B
102749,D
102750,A
102751,B
102752,A
102753,C
102754,A
102755,D
102756,A
102757,B
102758,D
102759,C
102760,D
102761,A
102762,D
102763,C
102764,C
102765,C
102766,D
102767,C
102768,C
102769,A
102770,D
102771,D
102772,B
102773,C
102774,C
102775,A
102776,D
102777,B
102778,C
102779,C
102780,B
102781,A
102782,B
102783,A
102784,A
102785,A
102786,B
102787,B
102788,A
102789,D
102790,C
102791,C
102792,C
102793,D
102794,C
102795,B
102796,A
102797,B
102798,A
102799,D
102800,B
102801,A
102802,A
102803,D
102804,A
102805,A
102806,D
102807,D
102808,B
102809,D
102810,D
102811,C
102812,A
102813,A
102814,D
102815,A
102816,C
102817,D
102818,B
102819,D
102820,B
102821,B
102822,B
102823,B
102824,B
102825,B
102826,C
102827,B
102828,C
102829,A
102830,A
102831,A
102832,A
102833,D
102834,A
102835,A
102836,D
102837,C
102838,B
102839,A
102840,B
102841,D
102842,B
102843,A
102844,D
102845,B
102846,A
102847,D
102848,A
102849,C
102850,B
102851,D
102852,A
102853,A
102854,C
102855,A
102856,D
102857,A
102858,D
102859,D
102860,B
102861,A
102862,D
102863,B
102864,B
102865,D
102866,A
102867,C
102868,C
102869,D
102870,A
102871,A
102872,D
102873,D
102874,A
102875,D
102876,D
102877,B
102878,C
102879,A
102880,B
102881,D
102882,C
102883,B
102884,A
102885,A
102886,D
102887,B
102888,D
102889,C
102890,D
102891,D
102892,B
102893,B
102894,C
102895,C
102896,D
102897,D
102898,C
102899,D
102900,A
102901,A
102902,C
102903,A
102904,A
102905,B
102906,D
102907,B
102908,A
102909,D
102910,A
102911,C
102912,D
102913,B
102914,B
102915,D
102916,A
102917,C
102918,C
102919,C
102920,B
102921,D
102922,C
102923,A
102924,B
102925,C
102926,D
102927,C
102928,A
102929,D
102930,A
102931,A
102932,D
102933,C
102934,A
102935,D
102936,C
102937,A
102938,B
102939,B
102940,B
102941,A
102942,B
102943,B
102944,A
102945,D
102946,D
102947,D
102948,B
102949,C
102950,D
102951,B
102952,D
102953,D
102954,D
102955,A
102956,B
102957,A
102958,B
102959,B
102960,A
102961,A
102962,D
102963,B
102964,A
102965,A
102966,C
102967,A
102968,D
102969,B
102970,C
102971,A
102972,C
102973,D
102974,D
102975,A
102976,B
102977,A
102978,A
102979,B
102980,A
102981,D
102982,B
102983,D
102984,B
102985,D
102986,B
102987,D
102988,D
102989,B
102990,C
102991,A
102992,A
102993,C
102994,C
102995,A
102996,B
102997,D
102998,D
102999,A
103000,D
103001,C
103002,D
103003,D
103004,A
103005,C
103006,C
103007,C
103008,A
103009,D
103010,C
103011,D
103012,B
103013,C
103014,A
103015,B
103016,A
103017,C
103018,C
103019,D
103020,B
103021,D
103022,D
103023,C
103024,D
103025,C
103026,A
103027,C
103028,B
103029,A
103030,D
103031,C
103032,A
103033,C
103034,A
103035,D
103036,C
103037,B
103038,B
103039,C
103040,C
103041,B
103042,D
103043,C
103044,C
103045,C
103046,A
103047,C
103048,A
103049,A
103050,A
103051,C
103052,A
103053,D
103054,A
103055,D
103056,C
103057,A
103058,B
103059,C
103060,D
103061,C
103062,C
103063,C
103064,D
103065,A
103066,A
103067,B
103068,A
103069,B
103070,B
103071,D
103072,C
103073,B
103074,C
103075,D
103076,A
103077,A
103078,C
103079,A
103080,D
103081,C
103082,D
103083,C
103084,D
103085,C
103086,B
103087,B
103088,A
103089,B
103090,B
103091,B
103092,A
103093,D
103094,D
103095,D
103096,D
103097,D
103098,B
103099,A
103100,C
103101,C
103102,D
103103,D
103104,A
103105,B
103106,A
103107,B
103108,D
103109,C
103110,B
103111,D
103112,A
103113,B
103114,B
103115,C
103116,A
103117,A
103118,A
103119,A
103120,B
103121,C
103122,C
103123,B
103124,A
103125,C
103126,A
103127,C
103128,B
103129,C
103130,B
103131,A
103132,B
103133,B
103134,A
103135,B
103136,C
103137,C
103138,D
103139,D
103140,B
103141,D
103142,A
103143,D
103144,C
103145,D
103146,A
103147,D
103148,A
103149,A
103150,A
103151,A
103152,C
103153,B
103154,A
103155,B
103156,D
103157,B
103158,C
103159,D
103160,A
103161,C
103162,D
103163,C
103164,A
103165,A
103166,A
103167,D
103168,A
103169,B
103170,C
103171,B
103172,C
103173,A
103174,D
103175,B
103176,A
103177,A
103178,D
103179,A
103180,C
103181,B
103182,A
103183,C
103184,B
103185,D
103186,C
103187,B
103188,D
103189,B
103190,A
103191,A
103192,D
103193,D
103194,D
103195,C
103196,A
103197,C
103198,C
103199,C
103200,B
103201,C
103202,D
103203,A
103204,A
103205,D
103206,A
103207,D
103208,B
103209,A
103210,D
103211,A
103212,B
103213,C
103214,C
103215,B
103216,A
103217,B
103218,B
103219,A
103220,C
103221,D
103222,A
103223,A
103224,C
103225,A
103226,D
103227,A
103228,A
103229,A
103230,B
103231,B
103232,B
103233,B
103234,B
103235,C
103236,D
103237,A
103238,C
103239,B
103240,B
103241,D
103242,A
103243,D
103244,A
103245,A
103246,C
103247,C
103248,C
103249,B
103250,C
103251,A
103252,A
103253,C
103254,D
103255,B
103256,D
103257,C
103258,D
103259,B
103260,C
103261,D
103262,D
103263,A
103264,A
103265,B
103266,A
103267,D
103268,A
103269,C
103270,C
103271,C
103272,C
103273,A
103274,A
103275,B
103276,B
103277,D
103278,D
103279,A
103280,D
103281,B
103282,D
103283,B
103284,D
103285,B
103286,C
103287,B
103288,D
103289,C
103290,A
103291,B
103292,A
103293,B
103294,D
103295,A
103296,C
103297,B
103298,C
103299,C
103300,D
103301,B
103302,B
103303,C
103304,C
103305,B
103306,B
103307,D
103308,D
103309,C
103310,A
103311,A
103312,B
103313,C
103314,A
103315,A
103316,B
103317,A
103318,C
103319,D
103320,B
103321,C
103322,C
103323,C
103324,A
103325,A
103326,A
103327,A
103328,B
103329,D
103330,B
103331,D
103332,C
103333,C
103334,C
103335,D
103336,A
103337,A
103338,B
103339,B
103340,B
103341,A
103342,D
103343,A
103344,D
103345,A
103346,A
103347,D
103348,B
103349,D
103350,D
103351,B
103352,A
103353,B
103354,A
103355,A
103356,D
103357,B
103358,A
103359,B
103360,D
103361,D
103362,B
103363,B
103364,D
103365,A
103366,D
103367,A
103368,A
103369,A
103370,B
103371,A
103372,C
103373,A
103374,C
103375,A
103376,A
103377,B
103378,C
103379,D
103380,A
103381,A
103382,A
103383,A
103384,B
103385,A
103386,A
103387,C
103388,B
103389,C
103390,D
103391,D
103392,C
103393,D
103394,C
103395,A
103396,D
103397,A
103398,C
103399,C
103400,A
103401,A
103402,B
103403,B
103404,D
103405,C
103406,D
103407,C
103408,C
103409,B
103410,A
103411,B
103412,A
103413,A
103414,D
103415,B
103416,A
103417,A
103418,D
103419,A
103420,B
103421,D
103422,B
103423,A
103424,B
103425,A
103426,A
103427,B
103428,B
103429,C
103430,D
103431,A
103432,D
103433,D
103434,A
103435,A
103436,B
103437,A
103438,A
103439,D
103440,C
103441,C
103442,B
103443,C
103444,C
103445,C
103446,A
103447,B
103448,D
103449,A
103450,B
103451,B
103452,A
103453,A
103454,C
103455,B
103456,C
103457,C
103458,D
103459,A
103460,D
103461,B
103462,D
103463,A
103464,D
103465,B
103466,A
103467,A
103468,C
103469,A
103470,B
103471,A
103472,A
103473,C
103474,C
103475,D
103476,C
103477,C
103478,C
103479,A
103480,D
103481,B
103482,C
103483,A
103484,A
103485,D
103486,D
103487,D
103488,D
103489,A
103490,C
103491,D
103492,C
103493,A
103494,B
103495,D
103496,A
103497,A
103498,A
103499,C
103500,A
103501,C
103502,C
103503,C
103504,C
103505,D
103506,A
103507,C
103508,D
103509,D
103510,C
103511,C
103512,D
103513,D
103514,D
103515,A
103516,C
103517,C
103518,C
103519,A
103520,A
103521,C
103522,D
103523,A
103524,D
103525,C
103526,A
103527,D
103528,D
103529,B
103530,D
103531,C
103532,D
103533,D
103534,A
103535,C
103536,C
103537,D
103538,B
103539,A
103540,B
103541,D
103542,D
103543,D
103544,D
103545,B
103546,C
103547,D
103548,C
103549,D
103550,C
103551,C
103552,C
103553,B
103554,C
103555,D
103556,B
103557,B
103558,B
103559,A
103560,B
103561,D
103562,A
103563,C
103564,A
103565,A
103566,B
103567,D
103568,C
103569,C
103570,D
103571,B
103572,A
103573,D
103574,A
103575,B
103576,C
103577,B
103578,A
103579,A
103580,D
103581,C
103582,C
103583,B
103584,C
103585,A
103586,A
103587,C
103588,B
103589,C
103590,B
103591,A
103592,A
103593,C
103594,A
103595,A
103596,A
103597,A
103598,C
103599,B
103600,D
103601,A
103602,C
103603,C
103604,A
103605,C
103606,B
103607,C
103608,C
103609,D
103610,B
103611,B
103612,D
103613,B
103614,C
103615,D
103616,A
103617,B
103618,D
103619,B
103620,B
103621,A
103622,D
103623,C
103624,D
103625,B
103626,C
103627,C
103628,D
103629,C
103630,A
103631,C
103632,C
103633,C
103634,C
103635,A
103636,A
103637,A
103638,A
103639,B
103640,A
103641,B
103642,C
103643,D
103644,C
103645,D
103646,A
103647,B
103648,C
103649,C
103650,C
103651,C
103652,C
103653,A
103654,A
103655,C
103656,D
103657,D
103658,B
103659,B
103660,C
103661,B
103662,D
103663,B
103664,D
103665,A
103666,C
103667,D
103668,B
103669,C
103670,B
103671,B
103672,C
103673,D
103674,A
103675,C
103676,A
103677,B
103678,C
103679,D
103680,A
103681,D
103682,B
103683,B
103684,B
103685,A
103686,D
103687,B
103688,A
103689,D
103690,D
103691,A
103692,D
103693,B
103694,A
103695,C
103696,B
103697,A
103698,A
103699,A
103700,D
103701,B
103702,C
103703,B
103704,D
103705,D
103706,C
103707,C
103708,C
103709,A
103710,D
103711,B
103712,D
103713,C
103714,B
103715,D
103716,C
103717,A
103718,A
103719,D
103720,A
103721,C
103722,D
103723,C
103724,B
103725,C
103726,C
103727,C
103728,A
103729,D
103730,B
103731,C
103732,A
103733,D
103734,C
103735,A
103736,D
103737,C
103738,D
103739,B
103740,D
103741,A
103742,A
103743,B
103744,D
103745,B
103746,A
103747,B
103748,A
103749,A
103750,C
103751,A
103752,D
103753,D
103754,C
103755,A
103756,D
103757,B
103758,B
103759,B
103760,A
103761,A
103762,A
103763,B
103764,C
103765,C
103766,D
103767,A
103768,B
103769,A
103770,B
103771,B
103772,D
103773,D
103774,A
103775,B
103776,B
103777,A
103778,C
103779,A
103780,D
103781,B
103782,B
103783,D
103784,D
103785,D
103786,D
103787,B
103788,A
103789,D
103790,A
103791,C
103792,C
103793,B
103794,D
103795,C
103796,A
103797,A
103798,A
103799,A
103800,C
103801,B
103802,A
103803,D
103804,C
103805,A
103806,B
103807,B
103808,B
103809,C
103810,D
103811,D
103812,A
103813,D
103814,B
103815,A
103816,C
103817,A
103818,D
103819,B
103820,D
103821,C
103822,A
103823,B
103824,B
103825,A
103826,D
103827,D
103828,B
103829,A
103830,D
103831,C
103832,D
103833,D
103834,A
103835,C
103836,C
103837,B
103838,A
103839,B
103840,B
103841,C
103842,C
103843,A
103844,D
103845,B
103846,D
103847,B
103848,A
103849,C
103850,C
103851,A
103852,C
103853,B
103854,A
103855,B
103856,C
103857,A
103858,C
103859,C
103860,A
103861,C
103862,A
103863,D
103864,B
103865,A
103866,D
103867,C
103868,D
103869,C
103870,C
103871,B
103872,C
103873,A
103874,D
103875,A
103876,D
103877,C
103878,A
103879,A
103880,A
103881,A
103882,A
103883,B
103884,A
103885,B
103886,D
103887,B
103888,A
103889,B
103890,A
103891,A
103892,C
103893,D
103894,D
103895,B
103896,C
103897,B
103898,C
103899,C
103900,B
103901,C
103902,D
103903,D
103904,D
103905,D
103906,A
103907,B
103908,C
103909,B
103910,C
103911,A
103912,C
103913,A
103914,D
103915,B
103916,A
103917,D
103918,D
103919,C
103920,A
103921,B
103922,C
103923,B
103924,C
103925,D
103926,A
103927,A
103928,B
103929,A
103930,C
103931,B
103932,B
103933,B
103934,A
103935,B
103936,D
103937,D
103938,B
103939,A
103940,B
103941,D
103942,A
103943,D
103944,B
103945,B
103946,C
103947,B
103948,B
103949,C
103950,C
103951,D
103952,C
103953,D
103954,D
103955,D
103956,B
103957,A
103958,A
103959,C
103960,A
103961,C
103962,C
103963,C
103964,B
103965,D
103966,A
103967,C
103968,D
103969,C
103970,D
103971,B
103972,B
103973,A
103974,C
103975,A
103976,C
103977,A
103978,D
103979,B
103980,D
103981,D
103982,D
103983,D
103984,C
103985,A
103986,B
103987,D
103988,B
103989,C
103990,D
103991,D
103992,A
103993,B
103994,A
103995,D
103996,D
103997,D
103998,A
103999,B
104000,A
104001,D
104002,D
104003,C
104004,C
104005,A
104006,C
104007,A
104008,B
104009,C
104010,A
104011,A
104012,B
104013,A
104014,C
104015,D
104016,A
104017,A
104018,D
104019,B
104020,A
104021,D
104022,C
104023,C
104024,A
104025,A
104026,A
104027,A
104028,A
104029,C
104030,A
104031,D
104032,D
104033,D
104034,C
104035,C
104036,C
104037,B
104038,C
104039,B
104040,C
104041,C
104042,B
104043,D
104044,A
104045,B
104046,D
104047,B
104048,A
104049,A
104050,D
104051,A
104052,C
104053,A
104054,D
104055,C
104056,B
104057,D
104058,C
104059,A
104060,C
104061,A
104062,D
104063,D
104064,C
104065,C
104066,C
104067,C
104068,B
104069,C
104070,D
104071,D
104072,B
104073,B
104074,A
104075,D
104076,A
104077,B
104078,D
104079,A
104080,B
104081,C
104082,D
104083,A
104084,B
104085,C
104086,B
104087,B
104088,A
104089,B
104090,C
104091,B
104092,B
104093,B
104094,A
104095,D
104096,A
104097,D
104098,C
104099,A
104100,B
104101,D
104102,C
104103,B
104104,D
104105,D
104106,D
104107,A
104108,D
104109,C
104110,B
104111,B
104112,A
104113,A
104114,A
104115,C
104116,C
104117,C
104118,C
104119,A
104120,B
104121,B
104122,D
104123,A
104124,D
104125,D
104126,C
104127,C
104128,A
104129,B
104130,D
104131,C
104132,B
104133,D
104134,D
104135,C
104136,C
104137,B
104138,D
104139,B
104140,A
104141,D
104142,C
104143,D
104144,D
104145,A
104146,B
104147,A
104148,D
104149,D
104150,C
104151,D
104152,D
104153,A
104154,C
104155,C
104156,B
104157,C
104158,B
104159,A
104160,A
104161,D
104162,D
104163,B
104164,D
104165,D
104166,D
104167,A
104168,A
104169,C
104170,A
104171,D
104172,C
104173,D
104174,C
104175,D
104176,B
104177,C
104178,C
104179,C
104180,C
104181,C
104182,D
104183,D
104184,C
104185,C
104186,D
104187,B
104188,A
104189,A
104190,B
104191,D
104192,C
104193,D
104194,D
104195,D
104196,B
104197,C
104198,C
104199,D
104200,B
104201,D
104202,D
104203,B
104204,A
104205,C
104206,D
104207,D
104208,A
104209,D
104210,A
104211,B
104212,A
104213,C
104214,A
104215,D
104216,C
104217,B
104218,C
104219,B
104220,A
104221,B
104222,B
104223,C
104224,C
104225,D
104226,B
104227,B
104228,D
104229,B
104230,A
104231,C
104232,A
104233,C
104234,A
104235,A
104236,A
104237,D
104238,B
104239,C
104240,C
104241,A
104242,C
104243,A
104244,C
104245,A
104246,B
104247,B
104248,D
104249,A
104250,B
104251,B
104252,C
104253,D
104254,D
104255,D
104256,C
104257,C
104258,C
104259,D
104260,B
104261,D
104262,C
104263,D
104264,C
104265,B
104266,D
104267,D
104268,A
104269,B
104270,B
104271,C
104272,A
104273,A
104274,D
104275,A
104276,A
104277,D
104278,C
104279,B
104280,B
104281,D
104282,C
104283,A
104284,C
104285,C
104286,C
104287,C
104288,C
104289,D
104290,B
104291,C
104292,C
104293,B
104294,D
104295,D
104296,D
104297,D
104298,C
104299,C
104300,A
104301,D
104302,A
104303,B
104304,A
104305,B
104306,B
104307,A
104308,D
104309,A
104310,C
104311,B
104312,C
104313,C
104314,B
104315,A
104316,B
104317,D
104318,C
104319,A
104320,A
104321,C
104322,B
104323,A
104324,D
104325,B
104326,C
104327,C
104328,C
104329,D
104330,B
104331,D
104332,D
104333,D
104334,A
104335,A
104336,D
104337,B
104338,A
104339,B
104340,C
104341,D
104342,B
104343,B
104344,A
104345,A
104346,D
104347,D
104348,D
104349,C
104350,D
104351,D
104352,B
104353,C
104354,D
104355,C
104356,D
104357,B
104358,D
104359,C
104360,D
104361,D
104362,A
104363,A
104364,B
104365,C
104366,C
104367,D
104368,D
104369,D
104370,C
104371,C
104372,B
104373,C
104374,D
104375,C
104376,B
104377,B
104378,C
104379,D
104380,A
104381,B
104382,A
104383,C
104384,D
104385,C
104386,D
104387,B
104388,C
104389,A
104390,B
104391,A
104392,D
104393,A
104394,B
104395,C
104396,D
104397,A
104398,D
104399,A
104400,B
104401,A
104402,D
104403,A
104404,A
104405,C
104406,C
104407,C
104408,B
104409,D
104410,C
104411,C
104412,C
104413,B
104414,C
104415,A
104416,C
104417,C
104418,D
104419,A
104420,B
104421,B
104422,D
104423,A
104424,A
104425,C
104426,A
104427,D
104428,B
104429,C
104430,C
104431,A
104432,A
104433,B
104434,C
104435,B
104436,B
104437,B
104438,A
104439,D
104440,B
104441,B
104442,B
104443,D
104444,A
104445,C
104446,B
104447,A
104448,A
104449,C
104450,C
104451,A
104452,C
104453,B
104454,B
104455,D
104456,D
104457,C
104458,A
104459,A
104460,D
104461,A
104462,B
104463,C
104464,C
104465,D
104466,A
104467,A
104468,B
104469,A
104470,B
104471,A
104472,C
104473,D
104474,C
104475,A
104476,A
104477,D
104478,D
104479,D
104480,D
104481,C
104482,C
104483,D
104484,B
104485,D
104486,A
104487,C
104488,B
104489,A
104490,D
104491,A
104492,B
104493,A
104494,C
104495,A
104496,A
104497,A
104498,A
104499,B
104500,C
104501,D
104502,C
104503,C
104504,A
104505,C
104506,D
104507,B
104508,B
104509,D
104510,D
104511,A
104512,A
104513,C
104514,B
104515,B
104516,B
104517,B
104518,B
104519,C
104520,D
104521,D
104522,C
104523,D
104524,A
104525,C
104526,D
104527,C
104528,C
104529,D
104530,B
104531,B
104532,A
104533,A
104534,D
104535,B
104536,D
104537,D
104538,C
104539,D
104540,D
104541,A
104542,A
104543,A
104544,D
104545,C
104546,B
104547,D
104548,C
104549,C
104550,B
104551,A
104552,C
104553,B
104554,B
104555,A
104556,A
104557,D
104558,C
104559,A
104560,C
104561,A
104562,A
104563,A
104564,B
104565,D
104566,A
104567,D
104568,C
104569,D
104570,A
104571,C
104572,D
104573,D
104574,D
104575,C
104576,A
104577,D
104578,C
104579,B
104580,C
104581,B
104582,A
104583,D
104584,A
104585,B
104586,B
104587,B
104588,C
104589,C
104590,D
104591,D
104592,A
104593,C
104594,D
104595,D
104596,C
104597,C
104598,C
104599,C
104600,D
104601,D
104602,B
104603,D
104604,D
104605,A
104606,D
104607,B
104608,B
104609,A
104610,A
104611,A
104612,B
104613,C
104614,B
104615,C
104616,A
104617,A
104618,D
104619,D
104620,D
104621,C
104622,A
104623,C
104624,A
104625,D
104626,D
104627,B
104628,B
104629,B
104630,C
104631,D
104632,D
104633,D
104634,A
104635,A
104636,C
104637,B
104638,C
104639,C
104640,D
104641,B
104642,A
104643,B
104644,A
104645,D
104646,D
104647,C
104648,B
104649,C
104650,C
104651,A
104652,A
104653,B
104654,D
104655,A
104656,C
104657,A
104658,B
104659,B
104660,C
104661,A
104662,B
104663,A
104664,D
104665,C
104666,D
104667,A
104668,D
104669,A
104670,C
104671,C
104672,A
104673,B
104674,B
104675,C
104676,A
104677,D
104678,C
104679,C
104680,D
104681,D
104682,B
104683,D
104684,D
104685,D
104686,B
104687,A
104688,B
104689,C
104690,A
104691,A
104692,D
104693,D
104694,D
104695,B
104696,D
104697,A
104698,B
104699,C
104700,C
104701,D
104702,D
104703,C
104704,C
104705,B
104706,B
104707,C
104708,A
104709,C
104710,C
104711,B
104712,B
104713,C
104714,A
104715,B
104716,A
104717,B
104718,B
104719,B
104720,A
104721,D
104722,A
104723,C
104724,B
104725,A
104726,D
104727,D
104728,D
104729,C
104730,A
104731,A
104732,C
104733,A
104734,B
104735,D
104736,D
104737,B
104738,B
104739,A
104740,A
104741,B
104742,B
104743,A
104744,B
104745,A
104746,C
104747,B
104748,A
104749,A
104750,D
104751,B
104752,A
104753,B
104754,B
104755,D
104756,B
104757,B
104758,D
104759,B
104760,B
104761,A
104762,A
104763,B
104764,A
104765,A
104766,C
104767,D
104768,C
104769,D
104770,B
104771,C
104772,D
104773,C
104774,B
104775,D
104776,A
104777,D
104778,C
104779,C
104780,B
104781,A
104782,C
104783,C
104784,D
104785,D
104786,C
104787,D
104788,A
104789,A
104790,A
104791,A
104792,C
104793,B
104794,C
104795,C
104796,A
104797,A
104798,C
104799,B
104800,C
104801,C
104802,B
104803,D
104804,C
104805,A
104806,A
104807,A
104808,A
104809,C
104810,A
104811,B
104812,D
104813,D
104814,B
104815,A
104816,A
104817,C
104818,A
104819,A
104820,A
104821,C
104822,D
104823,D
104824,C
104825,B
104826,A
104827,C
104828,A
104829,C
104830,B
104831,A
104832,D
104833,B
104834,D
104835,A
104836,D
104837,A
104838,D
104839,D
104840,A
104841,B
104842,C
104843,A
104844,A
104845,D
104846,B
104847,D
104848,C
104849,C
104850,D
104851,A
104852,A
104853,A
104854,A
104855,B
104856,C
104857,D
104858,A
104859,C
104860,A
104861,C
104862,B
104863,D
104864,D
104865,B
104866,B
104867,A
104868,B
104869,A
104870,A
104871,B
104872,D
104873,C
104874,C
104875,C
104876,B
104877,A
104878,D
104879,C
104880,C
104881,D
104882,B
104883,D
104884,C
104885,A
104886,A
104887,D
104888,B
104889,C
104890,D
104891,C
104892,B
104893,B
104894,D
104895,D
104896,D
104897,D
104898,B
104899,A
104900,D
104901,A
104902,C
104903,A
104904,B
104905,C
104906,A
104907,B
104908,D
104909,D
104910,A
104911,B
104912,A
104913,B
104914,C
104915,A
104916,B
104917,C
104918,B
104919,D
104920,D
104921,C
104922,B
104923,D
104924,A
104925,A
104926,B
104927,C
104928,C
104929,D
104930,A
104931,A
104932,A
104933,B
104934,D
104935,D
104936,A
104937,B
104938,B
104939,D
104940,A
104941,B
104942,B
104943,C
104944,B
104945,C
104946,B
104947,B
104948,C
104949,A
104950,A
104951,D
104952,D
104953,B
104954,C
104955,D
104956,D
104957,D
104958,D
104959,B
104960,C
104961,A
104962,C
104963,C
104964,B
104965,C
104966,C
104967,A
104968,B
104969,D
104970,A
104971,D
104972,A
104973,D
104974,C
104975,A
104976,D
104977,C
104978,B
104979,D
104980,A
104981,D
104982,D
104983,A
104984,C
104985,D
104986,B
104987,A
104988,D
104989,A
104990,C
104991,C
104992,B
104993,C
104994,A
104995,A
104996,A
104997,A
104998,D
104999,C
105000,A
105001,D
105002,C
105003,B
105004,C
105005,C
105006,C
105007,C
105008,B
105009,A
105010,D
105011,C
105012,A
105013,B
105014,C
105015,C
105016,C
105017,B
105018,D
105019,B
105020,B
105021,D
105022,B
105023,A
105024,B
105025,D
105026,A
105027,B
105028,C
105029,A
105030,D
105031,A
105032,D
105033,A
105034,D
105035,B
105036,D
105037,A
105038,D
105039,A
105040,D
105041,B
105042,A
105043,D
105044,A
105045,B
105046,A
105047,C
105048,C
105049,A
105050,A
105051,C
105052,D
105053,A
105054,A
105055,D
105056,A
105057,B
105058,B
105059,A
105060,B
105061,C
105062,D
105063,C
105064,A
105065,B
105066,D
105067,B
105068,B
105069,C
105070,D
105071,B
105072,C
105073,A
105074,A
105075,B
105076,D
105077,A
105078,A
105079,D
105080,A
105081,C
105082,C
105083,B
105084,C
105085,A
105086,D
105087,D
105088,D
105089,A
105090,B
105091,B
105092,C
105093,D
105094,C
105095,A
105096,B
105097,D
105098,D
105099,B
105100,C
105101,C
105102,C
105103,C
105104,C
105105,B
105106,C
105107,D
105108,C
105109,B
105110,A
105111,A
105112,D
105113,A
105114,A
105115,B
105116,C
105117,A
105118,B
105119,D
105120,B
105121,A
105122,B
105123,D
105124,B
105125,C
105126,B
105127,C
105128,C
105129,A
105130,A
105131,A
105132,B
105133,C
105134,C
105135,C
105136,C
105137,A
105138,A
105139,B
105140,C
105141,D
105142,B
105143,C
105144,B
105145,B
105146,A
105147,C
105148,C
105149,B
105150,D
105151,B
105152,C
105153,D
105154,C
105155,C
105156,B
105157,A
105158,B
105159,D
105160,D
105161,D
105162,D
105163,A
105164,A
105165,A
105166,B
105167,B
105168,B
105169,B
105170,C
105171,A
105172,A
105173,A
105174,B
105175,B
105176,B
105177,D
105178,C
105179,C
105180,C
105181,D
105182,C
105183,D
105184,C
105185,B
105186,C
105187,B
105188,B
105189,A
105190,C
105191,D
105192,A
105193,B
105194,C
105195,A
105196,D
105197,B
105198,C
105199,D
105200,D
105201,D
105202,C
105203,B
105204,A
105205,A
105206,B
105207,A
105208,C
105209,B
105210,A
105211,B
105212,C
105213,A
105214,C
105215,C
105216,B
105217,A
105218,C
105219,A
105220,B
105221,C
105222,A
105223,D
105224,A
105225,C
105226,A
105227,B
105228,D
105229,A
105230,B
105231,D
105232,A
105233,A
105234,B
105235,B
105236,C
105237,C
105238,B
105239,B
105240,A
105241,A
105242,D
105243,B
105244,A
105245,A
105246,B
105247,B
105248,D
105249,D
105250,A
105251,D
105252,A
105253,C
105254,C
105255,B
105256,B
105257,A
105258,A
105259,D
105260,B
105261,B
105262,B
105263,A
105264,C
105265,B
105266,B
105267,C
105268,B
105269,D
105270,A
105271,D
105272,A
105273,D
105274,B
105275,B
105276,C
105277,A
105278,B
105279,A
105280,B
105281,D
105282,B
105283,B
105284,D
105285,A
105286,D
105287,A
105288,C
105289,D
105290,B
105291,D
105292,C
105293,B
105294,B
105295,C
105296,A
105297,C
105298,B
105299,A
105300,D
105301,B
105302,B
105303,C
105304,D
105305,D
105306,C
105307,A
105308,C
105309,B
105310,D
105311,C
105312,D
105313,B
105314,D
105315,D
105316,C
105317,D
105318,C
105319,D
105320,A
105321,C
105322,D
105323,C
105324,B
105325,D
105326,D
105327,B
105328,A
105329,B
105330,C
105331,B
105332,D
105333,D
105334,D
105335,D
105336,D
105337,D
105338,D
105339,B
105340,A
105341,D
105342,D
105343,B
105344,B
105345,A
105346,B
105347,A
105348,B
105349,C
105350,C
105351,A
105352,D
105353,D
105354,D
105355,C
105356,D
105357,A
105358,C
105359,C
105360,D
105361,B
105362,C
105363,D
105364,A
105365,B
105366,B
105367,D
105368,C
105369,D
105370,C
105371,B
105372,B
105373,A
105374,C
105375,C
105376,A
105377,D
105378,D
105379,D
105380,D
105381,A
105382,A
105383,C
105384,D
105385,D
105386,A
105387,B
105388,C
105389,B
105390,A
105391,B
105392,D
105393,D
105394,C
105395,C
105396,C
105397,A
105398,C
105399,A
105400,C
105401,D
105402,B
105403,C
105404,A
105405,B
105406,A
105407,A
105408,A
105409,D
105410,D
105411,A
105412,D
105413,D
105414,C
105415,D
105416,C
105417,D
105418,A
105419,D
105420,C
105421,A
105422,D
105423,C
105424,B
105425,C
105426,C
105427,A
105428,C
105429,D
105430,B
105431,A
105432,C
105433,B
105434,D
105435,A
105436,D
105437,A
105438,B
105439,D
105440,C
105441,C
105442,C
105443,B
105444,D
105445,C
105446,A
105447,C
105448,A
105449,A
105450,A
105451,A
105452,A
105453,C
105454,A
105455,A
105456,B
105457,B
105458,C
105459,A
105460,A
105461,D
105462,A
105463,B
105464,C
105465,C
105466,D
105467,B
105468,D
105469,A
105470,B
105471,D
105472,A
105473,A
105474,C
105475,A
105476,A
105477,B
105478,D
105479,C
105480,D
105481,A
105482,C
105483,B
105484,C
105485,C
105486,D
105487,B
105488,B
105489,D
105490,D
105491,D
105492,D
105493,C
105494,A
105495,C
105496,D
105497,A
105498,C
105499,C
105500,C
105501,C
105502,A
105503,D
105504,C
105505,C
105506,A
105507,B
105508,D
105509,B
105510,A
105511,B
105512,C
105513,A
105514,A
105515,C
105516,B
105517,C
105518,C
105519,C
105520,D
105521,B
105522,B
105523,A
105524,C
105525,D
105526,D
105527,D
105528,D
105529,C
105530,D
105531,B
105532,D
105533,B
105534,C
105535,D
105536,D
105537,A
105538,B
105539,D
105540,B
105541,A
105542,B
105543,D
105544,C
105545,B
105546,B
105547,B
105548,C
105549,A
105550,C
105551,A
105552,D
105553,B
105554,A
105555,D
105556,C
105557,A
105558,C
105559,D
105560,A
105561,D
105562,C
105563,D
105564,C
105565,D
105566,D
105567,D
105568,D
105569,C
105570,A
105571,B
105572,A
105573,D
105574,D
105575,C
105576,D
105577,D
105578,A
105579,B
105580,D
105581,A
105582,D
105583,A
105584,A
105585,B
105586,C
105587,B
105588,C
105589,C
105590,A
105591,D
105592,A
105593,C
105594,A
105595,C
105596,A
105597,C
105598,A
105599,B
105600,C
105601,D
105602,D
105603,C
105604,D
105605,D
105606,C
105607,A
105608,B
105609,B
105610,A
105611,A
105612,A
105613,C
105614,B
105615,C
105616,A
105617,C
105618,A
105619,C
105620,D
105621,B
105622,C
105623,A
105624,D
105625,B
105626,D
105627,D
105628,B
105629,D
105630,C
105631,B
105632,D
105633,B
105634,A
105635,C
105636,B
105637,A
105638,C
105639,A
105640,C
105641,A
105642,B
105643,C
105644,A
105645,B
105646,D
105647,B
105648,D
105649,A
105650,A
105651,A
105652,A
105653,A
105654,B
105655,A
105656,A
105657,D
105658,A
105659,D
105660,B
105661,C
105662,C
105663,A
105664,C
105665,A
105666,A
105667,D
105668,A
105669,A
105670,B
105671,D
105672,B
105673,B
105674,D
105675,A
105676,D
105677,C
105678,D
105679,C
105680,B
105681,D
105682,C
105683,A
105684,A
105685,D
105686,C
105687,B
105688,D
105689,D
105690,D
105691,A
105692,A
105693,B
105694,D
105695,C
105696,D
105697,D
105698,C
105699,D
105700,A
105701,B
105702,B
105703,B
105704,C
105705,D
105706,C
105707,C
105708,B
105709,A
105710,A
105711,D
105712,C
105713,C
105714,A
105715,A
105716,C
105717,A
105718,B
105719,C
105720,B
105721,C
105722,D
105723,D
105724,D
105725,C
105726,D
105727,D
105728,D
105729,A
105730,A
105731,C
105732,B
105733,C
105734,A
105735,D
105736,B
105737,D
105738,D
105739,D
105740,A
105741,A
105742,A
105743,C
105744,D
105745,A
105746,C
105747,D
105748,C
105749,B
105750,B
105751,B
105752,B
105753,C
105754,C
105755,D
105756,A
105757,D
105758,B
105759,A
105760,D
105761,C
105762,D
105763,C
105764,C
105765,B
105766,C
105767,B
105768,D
105769,B
105770,D
105771,C
105772,A
105773,A
105774,C
105775,D
105776,A
105777,B
105778,B
105779,A
105780,C
105781,B
105782,C
105783,A
105784,A
105785,C
105786,C
105787,A
105788,A
105789,A
105790,A
105791,B
105792,A
105793,A
105794,C
105795,D
105796,B
105797,D
105798,B
105799,A
105800,D
105801,A
105802,B
105803,C
105804,A
105805,A
105806,B
105807,B
105808,A
105809,A
105810,C
105811,D
105812,C
105813,A
105814,C
105815,A
105816,D
105817,B
105818,A
105819,A
105820,B
105821,B
105822,B
105823,A
105824,B
105825,C
105826,C
105827,B
105828,A
105829,C
105830,B
105831,C
105832,C
105833,D
105834,A
105835,B
105836,B
105837,B
105838,A
105839,D
105840,D
105841,B
105842,A
105843,D
105844,C
105845,D
105846,B
105847,C
105848,B
105849,A
105850,D
105851,C
105852,B
105853,A
105854,C
105855,D
105856,D
105857,A
105858,D
105859,C
105860,D
105861,A
105862,C
105863,D
105864,B
105865,A
105866,D
105867,B
105868,A
105869,C
105870,C
105871,D
105872,C
105873,B
105874,A
105875,B
105876,D
105877,B
105878,D
105879,A
105880,C
105881,C
105882,B
105883,B
105884,B
105885,D
105886,A
105887,B
105888,C
105889,D
105890,D
105891,A
105892,A
105893,A
105894,C
105895,A
105896,D
105897,B
105898,C
105899,D
105900,D
105901,D
105902,B
105903,D
105904,C
105905,C
105906,A
105907,B
105908,B
105909,B
105910,B
105911,D
105912,C
105913,B
105914,C
105915,A
105916,C
105917,A
105918,B
105919,B
105920,A
105921,D
105922,C
105923,D
105924,B
105925,A
105926,A
105927,C
105928,A
105929,D
105930,A
105931,D
105932,A
105933,A
105934,B
105935,C
105936,B
105937,B
105938,A
105939,A
105940,B
105941,D
105942,B
105943,C
105944,C
105945,D
105946,B
105947,B
105948,C
105949,A
105950,D
105951,A
105952,C
105953,D
105954,A
105955,C
105956,A
105957,A
105958,D
105959,D
105960,C
105961,D
105962,A
105963,D
105964,A
105965,A
105966,A
105967,A
105968,C
105969,C
105970,C
105971,D
105972,C
105973,A
105974,D
105975,C
105976,D
105977,A
105978,C
105979,A
105980,A
105981,A
105982,D
105983,C
105984,D
105985,A
105986,D
105987,A
105988,B
105989,B
105990,A
105991,D
105992,C
105993,C
105994,D
105995,D
105996,C
105997,C
105998,A
105999,B
106000,D
106001,C
106002,C
106003,C
106004,D
106005,D
106006,B
106007,A
106008,B
106009,C
106010,A
106011,D
106012,B
106013,D
106014,B
106015,C
106016,A
106017,A
106018,D
106019,C
106020,D
106021,C
106022,C
106023,A
106024,C
106025,D
106026,A
106027,A
106028,A
106029,D
106030,D
106031,B
106032,C
106033,C
106034,B
106035,D
106036,D
106037,B
106038,C
106039,B
106040,A
106041,A
106042,C
106043,C
106044,B
106045,A
106046,D
106047,A
106048,A
106049,A
106050,A
106051,C
106052,A
106053,A
106054,B
106055,D
106056,D
106057,A
106058,B
106059,A
106060,D
106061,D
106062,C
106063,A
106064,B
106065,A
106066,B
106067,D
106068,D
106069,A
106070,D
106071,C
106072,C
106073,A
106074,A
106075,B
106076,A
106077,C
106078,D
106079,A
106080,C
106081,D
106082,D
106083,C
106084,B
106085,A
106086,C
106087,B
106088,D
106089,A
106090,B
106091,A
106092,A
106093,C
106094,C
106095,B
106096,D
106097,D
106098,B
106099,A
106100,A
106101,A
106102,A
106103,B
106104,C
106105,A
106106,A
106107,C
106108,B
106109,D
106110,C
106111,D
106112,A
106113,A
106114,A
106115,B
106116,A
106117,B
106118,C
106119,C
106120,B
106121,C
106122,D
106123,B
106124,D
106125,A
106126,B
106127,B
106128,A
106129,A
106130,B
106131,C
106132,C
106133,A
106134,C
106135,A
106136,C
106137,B
106138,A
106139,A
106140,D
106141,A
106142,C
106143,A
106144,D
106145,D
106146,D
106147,B
106148,C
106149,A
106150,D
106151,B
106152,A
106153,D
106154,A
106155,A
106156,C
106157,C
106158,B
106159,D
106160,B
106161,C
106162,B
106163,B
106164,C
106165,D
106166,D
106167,A
106168,D
106169,B
106170,A
106171,C
106172,B
106173,D
106174,D
106175,D
106176,A
106177,D
106178,B
106179,C
106180,D
106181,B
106182,B
106183,D
106184,A
106185,D
106186,D
106187,A
106188,A
106189,C
106190,A
106191,A
106192,A
106193,C
106194,A
106195,A
106196,A
106197,D
106198,A
106199,B
106200,A
106201,A
106202,A
106203,B
106204,B
106205,A
106206,A
106207,B
106208,A
106209,A
106210,C
106211,C
106212,D
106213,C
106214,B
106215,A
106216,D
106217,C
106218,D
106219,B
106220,B
106221,A
106222,D
106223,C
106224,A
106225,D
106226,C
106227,A
106228,A
106229,A
106230,B
106231,A
106232,D
106233,D
106234,C
106235,A
106236,C
106237,A
106238,A
106239,B
106240,C
106241,C
106242,D
106243,D
106244,D
106245,D
106246,A
106247,B
106248,B
106249,B
106250,D
106251,B
106252,B
106253,D
106254,B
106255,D
106256,C
106257,A
106258,C
106259,C
106260,C
106261,C
106262,C
106263,C
106264,A
106265,C
106266,D
106267,A
106268,C
106269,C
106270,D
106271,A
106272,C
106273,A
106274,B
106275,A
106276,D
106277,B
106278,C
106279,D
106280,A
106281,C
106282,C
106283,C
106284,D
106285,A
106286,B
106287,D
106288,B
106289,D
106290,C
106291,A
106292,A
106293,D
106294,D
106295,A
106296,C
106297,A
106298,C
106299,A
106300,D
106301,A
106302,B
106303,A
106304,C
106305,D
106306,C
106307,A
106308,B
106309,C
106310,D
106311,C
106312,B
106313,C
106314,C
106315,A
106316,C
106317,D
106318,D
106319,B
106320,D
106321,C
106322,A
106323,C
106324,C
106325,B
106326,A
106327,A
106328,A
106329,A
106330,D
106331,C
106332,B
106333,B
106334,C
106335,B
106336,D
106337,D
106338,D
106339,C
106340,A
106341,B
106342,A
106343,D
106344,C
106345,B
106346,B
106347,A
106348,A
106349,A
106350,C
106351,B
106352,D
106353,D
106354,C
106355,D
106356,C
106357,A
106358,D
106359,D
106360,D
106361,B
106362,B
106363,C
106364,A
106365,D
106366,A
106367,B
106368,B
106369,D
106370,A
106371,C
106372,A
106373,A
106374,B
106375,B
106376,D
106377,B
106378,C
106379,C
106380,B
106381,C
106382,A
106383,C
106384,A
106385,A
106386,A
106387,B
106388,A
106389,D
106390,C
106391,D
106392,A
106393,A
106394,A
106395,C
106396,B
106397,D
106398,C
106399,B
106400,C
106401,A
106402,B
106403,A
106404,A
106405,A
106406,C
106407,C
106408,B
106409,C
106410,B
106411,B
106412,D
106413,D
106414,A
106415,D
106416,A
106417,C
106418,B
106419,B
106420,C
106421,A
106422,D
106423,C
106424,A
106425,D
106426,C
106427,A
106428,B
106429,D
106430,D
106431,C
106432,B
106433,B
106434,C
106435,A
106436,C
106437,C
106438,B
106439,B
106440,D
106441,B
106442,C
106443,C
106444,A
106445,D
106446,C
106447,B
106448,B
106449,A
106450,A
106451,D
106452,C
106453,D
106454,D
106455,C
106456,D
106457,D
106458,A
106459,B
106460,B
106461,A
106462,C
106463,A
106464,A
106465,C
106466,B
106467,C
106468,B
106469,A
106470,D
106471,C
106472,D
106473,C
106474,A
106475,C
106476,C
106477,A
106478,A
106479,A
106480,B
106481,A
106482,B
106483,C
106484,B
106485,D
106486,B
106487,B
106488,A
106489,A
106490,D
106491,B
106492,D
106493,B
106494,A
106495,A
106496,D
106497,B
106498,A
106499,A
106500,C
106501,C
106502,C
106503,B
106504,B
106505,B
106506,A
106507,B
106508,D
106509,A
106510,A
106511,C
106512,A
106513,D
106514,B
106515,A
106516,C
106517,D
106518,A
106519,C
106520,D
106521,A
106522,A
106523,B
106524,C
106525,B
106526,D
106527,B
106528,C
106529,D
106530,D
106531,C
106532,A
106533,B
106534,A
106535,A
106536,C
106537,B
106538,A
106539,A
106540,B
106541,C
106542,A
106543,C
106544,A
106545,D
106546,D
106547,B
106548,A
106549,C
106550,B
106551,A
106552,B
106553,A
106554,D
106555,B
106556,B
106557,C
106558,B
106559,D
106560,B
106561,D
106562,D
106563,B
106564,B
106565,C
106566,C
106567,B
106568,C
106569,B
106570,C
106571,D
106572,A
106573,D
106574,A
106575,A
106576,B
106577,B
106578,A
106579,A
106580,D
106581,A
106582,D
106583,B
106584,D
106585,B
106586,B
106587,A
106588,B
106589,C
106590,A
106591,B
106592,B
106593,A
106594,A
106595,A
106596,B
106597,D
106598,A
106599,C
106600,B
106601,D
106602,B
106603,B
106604,C
106605,B
106606,A
106607,B
106608,D
106609,D
106610,B
106611,A
106612,A
106613,B
106614,C
106615,A
106616,A
106617,D
106618,C
106619,B
106620,A
106621,C
106622,C
106623,C
106624,B
106625,D
106626,D
106627,D
106628,C
106629,A
106630,D
106631,D
106632,D
106633,C
106634,C
106635,A
106636,D
106637,C
106638,D
106639,B
106640,B
106641,A
106642,A
106643,B
106644,B
106645,C
106646,B
106647,A
106648,B
106649,B
106650,A
106651,C
106652,A
106653,C
106654,B
106655,B
106656,C
106657,D
106658,A
106659,B
106660,D
106661,A
106662,A
106663,A
106664,D
106665,D
106666,C
106667,A
106668,C
106669,A
106670,A
106671,A
106672,C
106673,B
106674,D
106675,A
106676,A
106677,B
106678,B
106679,A
106680,A
106681,D
106682,A
106683,C
106684,A
106685,C
106686,A
106687,C
106688,A
106689,A
106690,C
106691,B
106692,A
106693,B
106694,A
106695,C
106696,C
106697,B
106698,C
106699,D
106700,C
106701,A
106702,C
106703,D
106704,A
106705,C
106706,A
106707,B
106708,D
106709,A
106710,C
106711,D
106712,B
106713,A
106714,C
106715,A
106716,B
106717,B
106718,D
106719,B
106720,D
106721,C
106722,B
106723,D
106724,D
106725,C
106726,A
106727,A
106728,B
106729,B
106730,B
106731,B
106732,C
106733,A
106734,C
106735,A
106736,A
106737,C
106738,A
106739,A
106740,A
106741,A
106742,B
106743,A
106744,C
106745,A
106746,D
106747,A
106748,D
106749,C
106750,D
106751,A
106752,C
106753,C
106754,D
106755,B
106756,D
106757,A
106758,B
106759,B
106760,B
106761,B
106762,A
106763,A
106764,A
106765,D
106766,A
106767,C
106768,B
106769,C
106770,C
106771,D
106772,B
106773,D
106774,A
106775,D
106776,A
106777,A
106778,C
106779,D
106780,D
106781,C
106782,B
106783,B
106784,C
106785,A
106786,B
106787,A
106788,C
106789,D
106790,D
106791,B
106792,D
106793,C
106794,D
106795,B
106796,D
106797,A
106798,D
106799,D
106800,D
106801,B
106802,D
106803,A
106804,C
106805,D
106806,A
106807,B
106808,C
106809,B
106810,D
106811,D
106812,A
106813,B
106814,B
106815,B
106816,A
106817,B
106818,D
106819,D
106820,A
106821,B
106822,C
106823,D
106824,D
106825,C
106826,A
106827,A
106828,D
106829,A
106830,D
106831,A
106832,A
106833,A
106834,C
106835,D
106836,A
106837,B
106838,B
106839,B
106840,D
106841,A
106842,C
106843,B
106844,D
106845,D
106846,D
106847,A
106848,A
106849,B
106850,D
106851,B
106852,C
106853,B
106854,B
106855,A
106856,C
106857,A
106858,B
106859,A
106860,C
106861,B
106862,B
106863,A
106864,C
106865,D
106866,A
106867,C
106868,D
106869,C
106870,C
106871,D
106872,C
106873,D
106874,A
106875,D
106876,A
106877,C
106878,A
106879,D
106880,C
106881,D
106882,A
106883,A
106884,D
106885,A
106886,D
106887,D
106888,D
106889,B
106890,B
106891,C
106892,A
106893,A
106894,C
106895,A
106896,A
106897,A
106898,A
106899,D
106900,D
106901,D
106902,D
106903,D
106904,D
106905,D
106906,B
106907,B
106908,C
106909,D
106910,A
106911,C
106912,D
106913,D
106914,B
106915,D
106916,C
106917,B
106918,A
106919,C
106920,C
106921,A
106922,D
106923,B
106924,B
106925,A
106926,A
106927,C
106928,A
106929,A
106930,D
106931,A
106932,A
106933,D
106934,B
106935,B
106936,C
106937,C
106938,A
106939,D
106940,A
106941,B
106942,A
106943,B
106944,B
106945,D
106946,A
106947,A
106948,C
106949,D
106950,D
106951,A
106952,A
106953,D
106954,D
106955,B
106956,D
106957,B
106958,A
106959,A
106960,C
106961,D
106962,D
106963,A
106964,C
106965,B
106966,C
106967,C
106968,A
106969,B
106970,D
106971,A
106972,B
106973,B
106974,D
106975,A
106976,D
106977,D
106978,A
106979,C
106980,A
106981,A
106982,A
106983,C
106984,A
106985,B
106986,C
106987,B
106988,A
106989,A
106990,A
106991,A
106992,D
106993,A
106994,A
106995,D
106996,C
106997,B
106998,C
106999,B
107000,D
107001,A
107002,B
107003,D
107004,C
107005,A
107006,A
107007,A
107008,D
107009,B
107010,B
107011,C
107012,C
107013,C
107014,D
107015,A
107016,C
107017,A
107018,C
107019,D
107020,B
107021,D
107022,D
107023,D
107024,A
107025,B
107026,C
107027,A
107028,D
107029,C
107030,A
107031,D
107032,D
107033,A
107034,C
107035,B
107036,D
107037,D
107038,D
107039,A
107040,B
107041,D
107042,A
107043,B
107044,C
107045,C
107046,A
107047,D
107048,C
107049,A
107050,A
107051,B
107052,C
107053,A
107054,B
107055,B
107056,B
107057,B
107058,D
107059,A
107060,C
107061,C
107062,C
107063,A
107064,D
107065,C
107066,C
107067,D
107068,D
107069,A
107070,B
107071,B
107072,D
107073,B
107074,C
107075,A
107076,B
107077,D
107078,B
107079,B
107080,A
107081,B
107082,D
107083,B
107084,C
107085,C
107086,D
107087,B
107088,C
107089,B
107090,B
107091,B
107092,C
107093,A
107094,C
107095,A
107096,A
107097,C
107098,A
107099,A
107100,B
107101,C
107102,D
107103,B
107104,A
107105,A
107106,B
107107,B
107108,D
107109,A
107110,C
107111,C
107112,A
107113,A
107114,A
107115,C
107116,C
107117,B
107118,D
107119,D
107120,B
107121,C
107122,C
107123,A
107124,D
107125,A
107126,B
107127,D
107128,D
107129,A
107130,A
107131,B
107132,B
107133,A
107134,D
107135,C
107136,A
107137,B
107138,C
107139,B
107140,A
107141,A
107142,A
107143,D
107144,A
107145,D
107146,D
107147,B
107148,A
107149,C
107150,D
107151,A
107152,D
107153,A
107154,D
107155,D
107156,A
107157,B
107158,D
107159,A
107160,B
107161,B
107162,B
107163,A
107164,B
107165,D
107166,D
107167,C
107168,B
107169,D
107170,C
107171,A
107172,A
107173,A
107174,B
107175,D
107176,C
107177,A
107178,B
107179,B
107180,B
107181,A
107182,D
107183,D
107184,B
107185,A
107186,B
107187,A
107188,B
107189,A
107190,D
107191,C
107192,D
107193,B
107194,A
107195,D
107196,C
107197,D
107198,D
107199,A
107200,A
107201,C
107202,D
107203,B
107204,D
107205,A
107206,A
107207,A
107208,B
107209,B
107210,C
107211,D
107212,A
107213,B
107214,B
107215,A
107216,C
107217,B
107218,B
107219,B
107220,C
107221,A
107222,A
107223,A
107224,C
107225,B
107226,B
107227,A
107228,A
107229,A
107230,D
107231,B
107232,A
107233,D
107234,D
107235,A
107236,A
107237,C
107238,D
107239,D
107240,A
107241,B
107242,B
107243,A
107244,A
107245,B
107246,D
107247,B
107248,C
107249,D
107250,D
107251,A
107252,A
107253,D
107254,A
107255,B
107256,C
107257,C
107258,C
107259,A
107260,B
107261,B
107262,D
107263,D
107264,B
107265,B
107266,A
107267,A
107268,B
107269,A
107270,B
107271,D
107272,D
107273,D
107274,A
107275,A
107276,C
107277,C
107278,A
107279,D
107280,D
107281,A
107282,A
107283,B
107284,D
107285,A
107286,C
107287,C
107288,D
107289,C
107290,A
107291,A
107292,C
107293,B
107294,A
107295,C
107296,C
107297,A
107298,D
107299,A
107300,A
107301,A
107302,D
107303,D
107304,C
107305,D
107306,B
107307,B
107308,C
107309,D
107310,D
107311,D
107312,B
107313,A
107314,D
107315,D
107316,D
107317,D
107318,B
107319,D
107320,A
107321,D
107322,A
107323,B
107324,A
107325,B
107326,D
107327,D
107328,A
107329,C
107330,B
107331,C
107332,B
107333,B
107334,A
107335,A
107336,C
107337,D
107338,C
107339,A
107340,A
107341,A
107342,B
107343,A
107344,C
107345,A
107346,A
107347,A
107348,C
107349,D
107350,C
107351,A
107352,C
107353,C
107354,A
107355,A
107356,D
107357,A
107358,A
107359,C
107360,A
107361,D
107362,C
107363,A
107364,C
107365,D
107366,A
107367,A
107368,A
107369,D
107370,B
107371,B
107372,C
107373,C
107374,D
107375,A
107376,A
107377,B
107378,A
107379,D
107380,B
107381,D
107382,A
107383,D
107384,C
107385,C
107386,B
107387,B
107388,A
107389,C
107390,D
107391,D
107392,A
107393,C
107394,B
107395,C
107396,C
107397,D
107398,C
107399,B
107400,D
107401,B
107402,B
107403,C
107404,B
107405,A
107406,D
107407,A
107408,C
107409,D
107410,A
107411,A
107412,C
107413,A
107414,C
107415,A
107416,A
107417,B
107418,D
107419,A
107420,B
107421,A
107422,D
107423,B
107424,C
107425,D
107426,A
107427,B
107428,A
107429,C
107430,A
107431,A
107432,C
107433,C
107434,C
107435,A
107436,B
107437,C
107438,B
107439,D
107440,A
107441,B
107442,B
107443,A
107444,A
107445,D
107446,A
107447,D
107448,C
107449,B
107450,A
107451,C
107452,C
107453,B
107454,D
107455,A
107456,C
107457,D
107458,C
107459,D
107460,C
107461,A
107462,D
107463,B
107464,D
107465,A
107466,B
107467,B
107468,A
107469,A
107470,B
107471,D
107472,C
107473,B
107474,B
107475,D
107476,A
107477,D
107478,B
107479,B
107480,A
107481,A
107482,C
107483,D
107484,A
107485,C
107486,A
107487,A
107488,A
107489,C
107490,B
107491,C
107492,D
107493,A
107494,C
107495,D
107496,A
107497,A
107498,D
107499,C
107500,D
107501,C
107502,A
107503,D
107504,D
107505,D
107506,C
107507,A
107508,A
107509,D
107510,D
107511,A
107512,A
107513,C
107514,B
107515,B
107516,C
107517,D
107518,B
107519,A
107520,A
107521,B
107522,C
107523,B
107524,C
107525,A
107526,B
107527,B
107528,B
107529,A
107530,B
107531,A
107532,C
107533,B
107534,A
107535,B
107536,D
107537,C
107538,A
107539,C
107540,C
107541,C
107542,C
107543,C
107544,C
107545,A
107546,A
107547,D
107548,B
107549,D
107550,A
107551,A
107552,B
107553,A
107554,A
107555,C
107556,C
107557,D
107558,C
107559,A
107560,A
107561,A
107562,C
107563,C
107564,D
107565,D
107566,A
107567,C
107568,D
107569,A
107570,A
107571,C
107572,D
107573,A
107574,B
107575,C
107576,C
107577,B
107578,A
107579,D
107580,B
107581,B
107582,D
107583,C
107584,B
107585,A
107586,D
107587,A
107588,A
107589,D
107590,A
107591,A
107592,A
107593,D
107594,A
107595,D
107596,C
107597,A
107598,B
107599,D
107600,B
107601,C
107602,A
107603,B
107604,D
107605,A
107606,C
107607,C
107608,B
107609,B
107610,B
107611,C
107612,D
107613,B
107614,B
107615,C
107616,A
107617,A
107618,A
107619,A
107620,D
107621,A
107622,B
107623,A
107624,A
107625,A
107626,C
107627,B
107628,A
107629,A
107630,D
107631,B
107632,D
107633,D
107634,B
107635,C
107636,B
107637,A
107638,D
107639,B
107640,D
107641,C
107642,A
107643,A
107644,B
107645,A
107646,D
107647,B
107648,B
107649,A
107650,B
107651,D
107652,B
107653,A
107654,D
107655,D
107656,C
107657,C
107658,C
107659,D
107660,D
107661,C
107662,D
107663,B
107664,A
107665,D
107666,A
107667,A
107668,A
107669,A
107670,A
107671,C
107672,D
107673,C
107674,A
107675,C
107676,B
107677,C
107678,D
107679,C
107680,A
107681,C
107682,D
107683,B
107684,C
107685,A
107686,B
107687,C
107688,A
107689,A
107690,A
107691,C
107692,D
107693,D
107694,A
107695,D
107696,C
107697,D
107698,D
107699,A
107700,C
107701,D
107702,D
107703,D
107704,B
107705,D
107706,C
107707,C
107708,B
107709,C
107710,C
107711,D
107712,C
107713,D
107714,B
107715,C
107716,C
107717,D
107718,D
107719,C
107720,B
107721,B
107722,A
107723,A
107724,B
107725,A
107726,D
107727,A
107728,A
107729,D
107730,C
107731,B
107732,D
107733,B
107734,B
107735,B
107736,A
107737,D
107738,A
107739,C
107740,B
107741,B
107742,A
107743,C
107744,C
107745,D
107746,B
107747,B
107748,B
107749,B
107750,B
107751,D
107752,C
107753,A
107754,D
107755,A
107756,A
107757,A
107758,D
107759,C
107760,A
107761,D
107762,C
107763,C
107764,B
107765,C
107766,C
107767,A
107768,C
107769,A
107770,B
107771,A
107772,A
107773,C
107774,D
107775,C
107776,D
107777,D
107778,C
107779,C
107780,A
107781,A
107782,D
107783,B
107784,B
107785,B
107786,A
107787,B
107788,B
107789,A
107790,A
107791,C
107792,D
107793,B
107794,A
107795,B
107796,C
107797,B
107798,C
107799,A
107800,C
107801,C
107802,A
107803,C
107804,C
107805,A
107806,A
107807,B
107808,B
107809,C
107810,C
107811,A
107812,D
107813,B
107814,D
107815,B
107816,A
107817,D
107818,A
107819,B
107820,D
107821,B
107822,C
107823,A
107824,A
107825,D
107826,C
107827,B
107828,A
107829,D
107830,B
107831,A
107832,A
107833,C
107834,C
107835,C
107836,B
107837,D
107838,B
107839,C
107840,C
107841,C
107842,D
107843,B
107844,C
107845,C
107846,B
107847,A
107848,A
107849,B
107850,D
107851,D
107852,C
107853,B
107854,C
107855,B
107856,C
107857,B
107858,D
107859,A
107860,B
107861,B
107862,C
107863,C
107864,C
107865,B
107866,C
107867,C
107868,A
107869,D
107870,B
107871,A
107872,A
107873,A
107874,B
107875,B
107876,C
107877,A
107878,C
107879,B
107880,C
107881,A
107882,D
107883,A
107884,A
107885,B
107886,C
107887,B
107888,B
107889,C
107890,A
107891,D
107892,D
107893,A
107894,B
107895,B
107896,A
107897,A
107898,D
107899,A
107900,D
107901,D
107902,C
107903,C
107904,B
107905,A
107906,A
107907,B
107908,A
107909,D
107910,C
107911,D
107912,D
107913,D
107914,A
107915,B
107916,A
107917,C
107918,B
107919,C
107920,B
107921,A
107922,B
107923,C
107924,C
107925,B
107926,A
107927,D
107928,B
107929,A
107930,D
107931,A
107932,D
107933,C
107934,A
107935,B
107936,D
107937,A
107938,C
107939,D
107940,C
107941,B
107942,C
107943,A
107944,B
107945,C
107946,D
107947,D
107948,A
107949,C
107950,C
107951,B
107952,D
107953,C
107954,D
107955,A
107956,D
107957,D
107958,C
107959,C
107960,D
107961,C
107962,D
107963,B
107964,B
107965,A
107966,D
107967,A
107968,D
107969,B
107970,A
107971,C
107972,B
107973,D
107974,B
107975,D
107976,D
107977,C
107978,C
107979,C
107980,B
107981,A
107982,B
107983,C
107984,A
107985,C
107986,C
107987,B
107988,A
107989,B
107990,D
107991,D
107992,B
107993,C
107994,D
107995,D
107996,C
107997,C
107998,C
107999,A
108000,C
108001,D
108002,C
108003,A
108004,B
108005,D
108006,A
108007,A
108008,D
108009,D
108010,C
108011,D
108012,B
108013,A
108014,A
108015,D
108016,B
108017,D
108018,D
108019,A
108020,D
108021,C
108022,B
108023,D
108024,B
108025,C
108026,C
108027,A
108028,B
108029,A
108030,B
108031,B
108032,A
108033,D
108034,C
108035,B
108036,D
108037,D
108038,D
108039,B
108040,B
108041,B
108042,A
108043,B
108044,A
108045,C
108046,D
108047,C
108048,B
108049,B
108050,C
108051,A
108052,A
108053,A
108054,D
108055,D
108056,B
108057,C
108058,C
108059,D
108060,C
108061,D
108062,D
108063,D
108064,C
108065,D
108066,D
108067,B
108068,A
108069,A
108070,C
108071,A
108072,A
108073,C
108074,B
108075,A
108076,D
108077,D
108078,B
108079,C
108080,A
108081,C
108082,D
108083,B
108084,D
108085,A
108086,B
108087,A
108088,B
108089,D
108090,C
108091,B
108092,C
108093,A
108094,B
108095,A
108096,C
108097,D
108098,B
108099,A
108100,A
108101,B
108102,A
108103,D
108104,B
108105,D
108106,D
108107,C
108108,D
108109,C
108110,C
108111,D
108112,B
108113,A
108114,D
108115,D
108116,B
108117,B
108118,D
108119,C
108120,A
108121,B
108122,B
108123,D
108124,D
108125,D
108126,C
108127,C
108128,D
108129,D
108130,C
108131,B
108132,A
108133,D
108134,B
108135,C
108136,C
108137,B
108138,B
108139,A
108140,D
108141,B
108142,B
108143,C
108144,C
108145,A
108146,C
108147,C
108148,D
108149,C
108150,D
108151,D
108152,D
108153,B
108154,B
108155,C
108156,A
108157,A
108158,A
108159,A
108160,D
108161,A
108162,D
108163,B
108164,A
108165,C
108166,D
108167,A
108168,B
108169,D
108170,A
108171,D
108172,A
108173,A
108174,C
108175,B
108176,D
108177,A
108178,A
108179,D
108180,C
108181,C
108182,C
108183,D
108184,A
108185,D
108186,A
108187,D
108188,D
108189,D
108190,B
108191,B
108192,A
108193,C
108194,C
108195,A
108196,A
108197,A
108198,C
108199,D
108200,B
108201,C
108202,C
108203,C
108204,C
108205,B
108206,D
108207,B
108208,C
108209,D
108210,D
108211,A
108212,C
108213,B
108214,A
108215,D
108216,A
108217,C
108218,C
108219,A
108220,D
108221,B
108222,C
108223,D
108224,C
108225,C
108226,C
108227,A
108228,B
108229,D
108230,A
108231,D
108232,B
108233,D
108234,C
108235,C
108236,C
108237,C
108238,D
108239,A
108240,A
108241,D
108242,A
108243,A
108244,C
108245,A
108246,B
108247,D
108248,A
108249,B
108250,A
108251,B
108252,B
108253,C
108254,C
108255,D
108256,D
108257,D
108258,A
108259,B
108260,A
108261,B
108262,B
108263,A
108264,A
108265,C
108266,C
108267,A
108268,D
108269,C
108270,D
108271,D
108272,B
108273,A
108274,B
108275,D
108276,B
108277,B
108278,B
108279,C
108280,C
108281,D
108282,C
108283,A
108284,A
108285,A
108286,B
108287,A
108288,B
108289,A
108290,D
108291,C
108292,B
108293,C
108294,D
108295,C
108296,A
108297,D
108298,D
108299,D
108300,A
108301,A
108302,D
108303,A
108304,D
108305,C
108306,D
108307,A
108308,C
108309,C
108310,C
108311,D
108312,B
108313,B
108314,C
108315,B
108316,C
108317,A
108318,A
108319,B
108320,A
108321,D
108322,B
108323,B
108324,D
108325,B
108326,D
108327,B
108328,B
108329,D
108330,A
108331,B
108332,B
108333,A
108334,C
108335,C
108336,B
108337,C
108338,D
108339,C
108340,B
108341,D
108342,C
108343,C
108344,C
108345,A
108346,A
108347,D
108348,B
108349,A
108350,B
108351,A
108352,C
108353,C
108354,B
108355,B
108356,C
108357,B
108358,A
108359,D
108360,A
108361,B
108362,A
108363,B
108364,C
108365,C
108366,B
108367,A
108368,C
108369,B
108370,A
108371,B
108372,B
108373,B
108374,D
108375,D
108376,C
108377,A
108378,A
108379,C
108380,B
108381,B
108382,A
108383,B
108384,C
108385,C
108386,C
108387,C
108388,D
108389,A
108390,D
108391,B
108392,D
108393,B
108394,A
108395,A
108396,B
108397,B
108398,B
108399,A
108400,B
108401,B
108402,B
108403,A
108404,A
108405,C
108406,A
108407,A
108408,D
108409,A
108410,C
108411,C
108412,B
108413,C
108414,D
108415,A
108416,D
108417,B
108418,C
108419,A
108420,C
108421,B
108422,D
108423,D
108424,B
108425,B
108426,C
108427,B
108428,C
108429,B
108430,A
108431,B
108432,D
108433,D
108434,C
108435,A
108436,B
108437,B
108438,A
108439,C
108440,C
108441,B
108442,C
108443,C
108444,C
108445,A
108446,D
108447,C
108448,A
108449,B
108450,D
108451,B
108452,B
108453,C
108454,D
108455,D
108456,B
108457,B
108458,A
108459,D
108460,A
108461,B
108462,B
108463,A
108464,B
108465,B
108466,A
108467,A
108468,A
108469,D
108470,A
108471,B
108472,C
108473,B
108474,D
108475,A
108476,C
108477,B
108478,A
108479,C
108480,A
108481,B
108482,B
108483,B
108484,C
108485,A
108486,D
108487,D
108488,D
108489,D
108490,A
108491,C
108492,A
108493,A
108494,C
108495,C
108496,B
108497,D
108498,A
108499,B
108500,C
108501,A
108502,B
108503,D
108504,A
108505,A
108506,C
108507,A
108508,C
108509,D
108510,A
108511,B
108512,D
108513,B
108514,D
108515,C
108516,A
108517,A
108518,A
108519,A
108520,C
108521,C
108522,B
108523,D
108524,A
108525,A
108526,B
108527,A
108528,B
108529,C
108530,B
108531,C
108532,B
108533,C
108534,D
108535,B
108536,D
108537,D
108538,B
108539,A
108540,A
108541,C
108542,D
108543,A
108544,A
108545,C
108546,A
108547,C
108548,A
108549,D
108550,B
108551,C
108552,C
108553,B
108554,D
108555,A
108556,C
108557,A
108558,A
108559,B
108560,A
108561,A
108562,D
108563,B
108564,C
108565,B
108566,A
108567,C
108568,C
108569,D
108570,D
108571,A
108572,C
108573,A
108574,C
108575,A
108576,D
108577,B
108578,D
108579,B
108580,D
108581,B
108582,D
108583,D
108584,B
108585,D
108586,C
108587,C
108588,B
108589,C
108590,D
108591,C
108592,D
108593,C
108594,D
108595,B
108596,A
108597,B
108598,D
108599,A
108600,C
108601,D
108602,B
108603,D
108604,A
108605,B
108606,B
108607,C
108608,C
108609,A
108610,C
108611,D
108612,B
108613,D
108614,A
108615,D
108616,D
108617,C
108618,A
108619,C
108620,B
108621,B
108622,B
108623,B
108624,D
108625,D
108626,D
108627,D
108628,D
108629,D
108630,D
108631,D
108632,A
108633,D
108634,D
108635,A
108636,C
108637,C
108638,A
108639,C
108640,D
108641,B
108642,A
108643,D
108644,B
108645,B
108646,C
108647,A
108648,D
108649,B
108650,D
108651,A
108652,C
108653,D
108654,C
108655,A
108656,C
108657,A
108658,C
108659,D
108660,A
108661,A
108662,D
108663,B
108664,A
108665,A
108666,C
108667,B
108668,B
108669,D
108670,B
108671,C
108672,C
108673,A
108674,B
108675,D
108676,B
108677,C
108678,C
108679,D
108680,A
108681,C
108682,B
108683,A
108684,B
108685,D
108686,B
108687,D
108688,C
108689,C
108690,A
108691,C
108692,C
108693,A
108694,D
108695,B
108696,A
108697,B
108698,C
108699,D
108700,B
108701,B
108702,C
108703,A
108704,C
108705,D
108706,A
108707,B
108708,B
108709,C
108710,A
108711,C
108712,C
108713,D
108714,D
108715,C
108716,A
108717,B
108718,D
108719,B
108720,B
108721,B
108722,C
108723,D
108724,B
108725,A
108726,A
108727,B
108728,B
108729,B
108730,C
108731,B
108732,C
108733,C
108734,C
108735,C
108736,D
108737,B
108738,D
108739,C
108740,B
108741,A
108742,A
108743,C
108744,A
108745,B
108746,D
108747,C
108748,B
108749,A
108750,B
108751,B
108752,C
108753,C
108754,B
108755,B
108756,C
108757,D
108758,C
108759,C
108760,D
108761,C
108762,A
108763,B
108764,C
108765,A
108766,B
108767,C
108768,C
108769,B
108770,A
108771,D
108772,D
108773,D
108774,B
108775,C
108776,A
108777,D
108778,B
108779,C
108780,A
108781,B
108782,B
108783,A
108784,D
108785,D
108786,C
108787,C
108788,D
108789,D
108790,D
108791,A
108792,D
108793,B
108794,A
108795,A
108796,A
108797,D
108798,D
108799,C
108800,B
108801,C
108802,B
108803,C
108804,C
108805,A
108806,C
108807,C
108808,D
108809,D
108810,B
108811,D
108812,C
108813,B
108814,B
108815,D
108816,C
108817,B
108818,B
108819,B
108820,B
108821,B
108822,B
108823,C
108824,C
108825,A
108826,D
108827,D
108828,C
108829,D
108830,A
108831,A
108832,C
108833,A
108834,B
108835,C
108836,A
108837,C
108838,C
108839,A
108840,D
108841,D
108842,B
108843,D
108844,C
108845,A
108846,D
108847,A
108848,C
108849,D
108850,C
108851,D
108852,C
108853,D
108854,A
108855,D
108856,A
108857,C
108858,D
108859,A
108860,D
108861,C
108862,B
108863,D
108864,B
108865,C
108866,B
108867,D
108868,C
108869,B
108870,D
108871,B
108872,D
108873,C
108874,A
108875,D
108876,B
108877,A
108878,A
108879,C
108880,D
108881,A
108882,D
108883,B
108884,C
108885,D
108886,C
108887,C
108888,C
108889,B
108890,B
108891,A
108892,D
108893,D
108894,C
108895,A
108896,C
108897,A
108898,B
108899,A
108900,A
108901,B
108902,A
108903,B
108904,C
108905,C
108906,C
108907,A
108908,A
108909,C
108910,A
108911,C
108912,A
108913,B
108914,B
108915,A
108916,B
108917,B
108918,D
108919,D
108920,B
108921,D
108922,A
108923,D
108924,D
108925,D
108926,B
108927,D
108928,D
108929,C
108930,A
108931,D
108932,B
108933,B
108934,D
108935,D
108936,D
108937,D
108938,C
108939,C
108940,B
108941,C
108942,A
108943,B
108944,A
108945,B
108946,A
108947,D
108948,C
108949,D
108950,B
108951,B
108952,C
108953,C
108954,D
108955,D
108956,A
108957,A
108958,B
108959,D
108960,B
108961,C
108962,B
108963,D
108964,C
108965,A
108966,C
108967,D
108968,B
108969,A
108970,B
108971,C
108972,B
108973,D
108974,C
108975,B
108976,A
108977,A
108978,B
108979,A
108980,A
108981,A
108982,D
108983,B
108984,A
108985,B
108986,C
108987,A
108988,B
108989,A
108990,A
108991,B
108992,B
108993,A
108994,B
108995,B
108996,A
108997,D
108998,C
108999,A
109000,C
109001,B
109002,A
109003,B
109004,C
109005,C
109006,B
109007,C
109008,C
109009,C
109010,C
109011,C
109012,C
109013,A
109014,C
109015,A
109016,C
109017,D
109018,A
109019,B
109020,D
109021,C
109022,B
109023,B
109024,C
109025,A
109026,B
109027,B
109028,D
109029,A
109030,B
109031,A
109032,D
109033,B
109034,A
109035,D
109036,A
109037,D
109038,A
109039,A
109040,B
109041,D
109042,A
109043,A
109044,A
109045,D
109046,A
109047,A
109048,C
109049,C
109050,B
109051,B
109052,B
109053,D
109054,D
109055,A
109056,C
109057,A
109058,B
109059,A
109060,B
109061,B
109062,D
109063,B
109064,A
109065,D
109066,B
109067,C
109068,B
109069,B
109070,A
109071,A
109072,C
109073,D
109074,B
109075,D
109076,B
109077,C
109078,C
109079,C
109080,C
109081,A
109082,C
109083,C
109084,C
109085,D
109086,D
109087,B
109088,C
109089,A
109090,A
109091,A
109092,B
109093,C
109094,D
109095,D
109096,A
109097,C
109098,C
109099,D
109100,B
109101,C
109102,D
109103,D
109104,D
109105,C
109106,C
109107,D
109108,A
109109,A
109110,A
109111,C
109112,C
109113,C
109114,B
109115,B
109116,B
109117,D
109118,D
109119,B
109120,D
109121,A
109122,C
109123,A
109124,C
109125,B
109126,A
109127,D
109128,D
109129,C
109130,A
109131,A
109132,A
109133,A
109134,A
109135,A
109136,B
109137,B
109138,B
109139,B
109140,B
109141,C
109142,C
109143,B
109144,A
109145,B
109146,C
109147,D
109148,B
109149,D
109150,A
109151,D
109152,C
109153,D
109154,B
109155,A
109156,A
109157,C
109158,C
109159,A
109160,A
109161,B
109162,B
109163,A
109164,B
109165,C
109166,C
109167,D
109168,D
109169,B
109170,B
109171,C
109172,D
109173,D
109174,C
109175,C
109176,B
109177,B
109178,D
109179,B
109180,B
109181,A
109182,C
109183,B
109184,A
109185,C
109186,C
109187,A
109188,B
109189,A
109190,D
109191,B
109192,D
109193,D
109194,D
109195,C
109196,B
109197,C
109198,C
109199,A
109200,B
109201,A
109202,D
109203,A
109204,D
109205,A
109206,C
109207,D
109208,A
109209,D
109210,D
109211,A
109212,A
109213,B
109214,B
109215,A
109216,B
109217,A
109218,D
109219,D
109220,A
109221,B
109222,C
109223,C
109224,B
109225,B
109226,B
109227,C
109228,B
109229,B
109230,B
109231,B
109232,C
109233,A
109234,C
109235,C
109236,D
109237,B
109238,C
109239,B
109240,B
109241,B
109242,A
109243,B
109244,C
109245,C
109246,D
109247,D
109248,B
109249,B
109250,A
109251,C
109252,A
109253,C
109254,C
109255,B
109256,A
109257,C
109258,D
109259,B
109260,D
109261,B
109262,C
109263,B
109264,D
109265,D
109266,A
109267,C
109268,C
109269,C
109270,C
109271,C
109272,B
109273,D
109274,A
109275,C
109276,B
109277,B
109278,A
109279,A
109280,B
109281,C
109282,B
109283,B
109284,C
109285,B
109286,B
109287,D
109288,A
109289,C
109290,B
109291,A
109292,A
109293,D
109294,A
109295,A
109296,A
109297,D
109298,B
109299,B
109300,C
109301,C
109302,C
109303,D
109304,A
109305,D
109306,C
109307,B
109308,B
109309,A
109310,B
109311,C
109312,A
109313,B
109314,C
109315,D
109316,D
109317,C
109318,C
109319,A
109320,C
109321,C
109322,B
109323,B
109324,B
109325,B
109326,B
109327,D
109328,A
109329,B
109330,A
109331,A
109332,C
109333,D
109334,C
109335,D
109336,D
109337,D
109338,C
109339,A
109340,B
109341,B
109342,D
109343,D
109344,B
109345,D
109346,A
109347,A
109348,A
109349,B
109350,B
109351,C
109352,A
109353,B
109354,C
109355,B
109356,D
109357,D
109358,A
109359,A
109360,D
109361,B
109362,C
109363,C
109364,D
109365,D
109366,C
109367,A
109368,A
109369,A
109370,A
109371,D
109372,A
109373,D
109374,B
109375,B
109376,B
109377,C
109378,B
109379,C
109380,C
109381,D
109382,B
109383,A
109384,D
109385,D
109386,B
109387,C
109388,D
109389,C
109390,A
109391,A
109392,B
109393,B
109394,A
109395,C
109396,B
109397,A
109398,D
109399,C
109400,B
109401,A
109402,A
109403,B
109404,C
109405,A
109406,C
109407,C
109408,D
109409,D
109410,C
109411,D
109412,A
109413,D
109414,A
109415,D
109416,B
109417,C
109418,C
109419,B
109420,C
109421,C
109422,A
109423,A
109424,B
109425,C
109426,D
109427,B
109428,D
109429,D
109430,B
109431,C
109432,A
109433,B
109434,A
109435,C
109436,B
109437,A
109438,A
109439,C
109440,B
109441,C
109442,D
109443,D
109444,B
109445,D
109446,B
109447,C
109448,A
109449,C
109450,C
109451,C
109452,B
109453,C
109454,C
109455,D
109456,B
109457,B
109458,A
109459,D
109460,A
109461,A
109462,B
109463,C
109464,B
109465,D
109466,C
109467,A
109468,D
109469,C
109470,C
109471,B
109472,A
109473,C
109474,A
109475,B
109476,A
109477,D
109478,B
109479,A
109480,D
109481,C
109482,D
109483,A
109484,C
109485,B
109486,B
109487,D
109488,C
109489,C
109490,D
109491,A
109492,D
109493,B
109494,D
109495,C
109496,A
109497,A
109498,B
109499,D
109500,B
109501,D
109502,A
109503,D
109504,D
109505,C
109506,D
109507,A
109508,A
109509,D
109510,A
109511,C
109512,C
109513,C
109514,B
109515,A
109516,C
109517,C
109518,D
109519,D
109520,C
109521,D
109522,B
109523,B
109524,D
109525,A
109526,B
109527,D
109528,D
109529,D
109530,A
109531,C
109532,C
109533,A
109534,C
109535,A
109536,B
109537,B
109538,C
109539,C
109540,D
109541,A
109542,B
109543,B
109544,C
109545,B
109546,A
109547,C
109548,C
109549,D
109550,B
109551,A
109552,A
109553,D
109554,A
109555,A
109556,B
109557,C
109558,A
109559,C
109560,A
109561,A
109562,C
109563,A
109564,D
109565,B
109566,D
109567,D
109568,B
109569,D
109570,B
109571,A
109572,D
109573,B
109574,D
109575,D
109576,A
109577,B
109578,D
109579,D
109580,A
109581,A
109582,B
109583,D
109584,D
109585,C
109586,B
109587,C
109588,A
109589,A
109590,C
109591,A
109592,A
109593,D
109594,B
109595,A
109596,A
109597,A
109598,D
109599,A
109600,D
109601,D
109602,B
109603,C
109604,C
109605,C
109606,D
109607,B
109608,B
109609,A
109610,B
109611,A
109612,A
109613,D
109614,C
109615,B
109616,A
109617,A
109618,A
109619,B
109620,A
109621,B
109622,A
109623,C
109624,B
109625,D
109626,C
109627,A
109628,B
109629,C
109630,D
109631,A
109632,C
109633,C
109634,A
109635,B
109636,C
109637,B
109638,B
109639,A
109640,C
109641,D
109642,C
109643,A
109644,D
109645,C
109646,A
109647,C
109648,A
109649,B
109650,D
109651,D
109652,C
109653,A
109654,A
109655,D
109656,D
109657,A
109658,D
109659,C
109660,A
109661,B
109662,C
109663,A
109664,D
109665,C
109666,D
109667,B
109668,D
109669,C
109670,B
109671,C
109672,A
109673,A
109674,B
109675,D
109676,B
109677,A
109678,D
109679,D
109680,A
109681,D
109682,C
109683,C
109684,B
109685,C
109686,D
109687,A
109688,A
109689,B
109690,B
109691,A
109692,D
109693,A
109694,B
109695,B
109696,C
109697,B
109698,D
109699,B
109700,B
109701,C
109702,B
109703,C
109704,D
109705,A
109706,A
109707,C
109708,C
109709,C
109710,C
109711,A
109712,A
109713,B
109714,C
109715,A
109716,B
109717,A
109718,D
109719,A
109720,D
109721,C
109722,A
109723,B
109724,D
109725,D
109726,B
109727,D
109728,B
109729,A
109730,D
109731,A
109732,D
109733,C
109734,D
109735,D
109736,C
109737,D
109738,A
109739,B
109740,D
109741,D
109742,C
109743,B
109744,B
109745,A
109746,D
109747,D
109748,B
109749,C
109750,A
109751,D
109752,C
109753,A
109754,D
109755,D
109756,A
109757,B
109758,C
109759,C
109760,B
109761,C
109762,A
109763,A
109764,A
109765,B
109766,A
109767,B
109768,A
109769,D
109770,C
109771,D
109772,D
109773,D
109774,B
109775,C
109776,C
109777,C
109778,A
109779,C
109780,C
109781,A
109782,B
109783,D
109784,A
109785,B
109786,B
109787,D
109788,C
109789,A
109790,D
109791,A
109792,A
109793,C
109794,A
109795,B
109796,D
109797,A
109798,C
109799,C
109800,A
109801,B
109802,A
109803,B
109804,A
109805,A
109806,C
109807,D
109808,B
109809,B
109810,A
109811,C
109812,C
109813,D
109814,B
109815,C
109816,C
109817,A
109818,B
109819,A
109820,B
109821,B
109822,C
109823,C
109824,A
109825,A
109826,B
109827,C
109828,B
109829,C
109830,C
109831,A
109832,D
109833,D
109834,C
109835,C
109836,A
109837,A
109838,B
109839,C
109840,B
109841,C
109842,C
109843,C
109844,C
109845,D
109846,C
109847,B
109848,A
109849,B
109850,A
109851,A
109852,B
109853,D
109854,B
109855,C
109856,B
109857,A
109858,B
109859,C
109860,C
109861,D
109862,C
109863,D
109864,D
109865,B
109866,C
109867,A
109868,A
109869,D
109870,B
109871,D
109872,D
109873,A
109874,D
109875,D
109876,C
109877,A
109878,A
109879,B
109880,B
109881,B
109882,B
109883,D
109884,A
109885,B
109886,A
109887,D
109888,C
109889,A
109890,B
109891,A
109892,D
109893,C
109894,A
109895,D
109896,C
109897,C
109898,A
109899,D
109900,D
109901,C
109902,A
109903,A
109904,D
109905,D
109906,D
109907,D
109908,A
109909,A
109910,A
109911,A
109912,C
109913,A
109914,B
109915,A
109916,C
109917,D
109918,D
109919,C
109920,D
109921,A
109922,D
109923,A
109924,D
109925,C
109926,B
109927,A
109928,D
109929,C
109930,B
109931,D
109932,A
109933,C
109934,C
109935,B
109936,D
109937,C
109938,B
109939,B
109940,B
109941,C
109942,B
109943,A
109944,D
109945,C
109946,C
109947,A
109948,D
109949,C
109950,A
109951,A
109952,C
109953,A
109954,B
109955,A
109956,D
109957,B
109958,B
109959,B
109960,D
109961,B
109962,A
109963,C
109964,A
109965,D
109966,B
109967,B
109968,C
109969,C
109970,C
109971,C
109972,B
109973,A
109974,A
109975,D
109976,C
109977,B
109978,B
109979,A
109980,B
109981,B
109982,A
109983,C
109984,A
109985,A
109986,A
109987,D
109988,C
109989,C
109990,B
109991,A
109992,D
109993,B
109994,D
109995,C
109996,D
109997,A
109998,B
109999,C
110000,B
110001,B
110002,A
110003,A
110004,D
110005,C
110006,B
110007,C
110008,D
110009,B
110010,A
110011,B
110012,B
110013,A
110014,B
110015,D
110016,C
110017,A
110018,B
110019,D
110020,C
110021,C
110022,B
110023,D
110024,C
110025,C
110026,D
110027,B
110028,B
110029,A
110030,D
110031,B
110032,A
110033,D
110034,B
110035,C
110036,B
110037,D
110038,D
110039,A
110040,B
110041,B
110042,B
110043,B
110044,D
110045,C
110046,B
110047,C
110048,B
110049,A
110050,D
110051,B
110052,C
110053,C
110054,D
110055,B
110056,B
110057,C
110058,A
110059,A
110060,C
110061,C
110062,C
110063,B
110064,D
110065,A
110066,B
110067,A
110068,A
110069,C
110070,C
110071,A
110072,B
110073,C
110074,D
110075,C
110076,B
110077,A
110078,A
110079,D
110080,D
110081,C
110082,D
110083,A
110084,C
110085,D
110086,B
110087,C
110088,D
110089,B
110090,C
110091,C
110092,A
110093,B
110094,A
110095,C
110096,A
110097,C
110098,C
110099,D
110100,A
110101,D
110102,C
110103,A
110104,D
110105,B
110106,D
110107,A
110108,C
110109,A
110110,C
110111,B
110112,B
110113,C
110114,A
110115,A
110116,A
110117,C
110118,C
110119,B
110120,C
110121,B
110122,B
110123,B
110124,B
110125,D
110126,B
110127,C
110128,B
110129,B
110130,A
110131,C
110132,A
110133,C
110134,C
110135,C
110136,D
110137,A
110138,C
110139,D
110140,B
110141,C
110142,C
110143,C
110144,B
110145,C
110146,A
110147,C
110148,A
110149,C
110150,C
110151,D
110152,D
110153,D
110154,D
110155,D
110156,D
110157,B
110158,C
110159,A
110160,D
110161,A
110162,A
110163,B
110164,B
110165,D
110166,A
110167,D
110168,C
110169,A
110170,A
110171,B
110172,C
110173,B
110174,A
110175,C
110176,C
110177,B
110178,B
110179,B
110180,C
110181,B
110182,C
110183,A
110184,B
110185,B
110186,D
110187,B
110188,C
110189,D
110190,B
110191,B
110192,A
110193,C
110194,B
110195,B
110196,D
110197,D
110198,C
110199,A
110200,A
110201,D
110202,C
110203,C
110204,A
110205,D
110206,A
110207,C
110208,D
110209,D
110210,A
110211,D
110212,C
110213,C
110214,A
110215,B
110216,A
110217,C
110218,D
110219,D
110220,A
110221,D
110222,B
110223,C
110224,D
110225,C
110226,D
110227,A
110228,B
110229,D
110230,B
110231,C
110232,B
110233,C
110234,B
110235,A
110236,B
110237,A
110238,A
110239,C
110240,D
110241,C
110242,A
110243,A
110244,C
110245,A
110246,A
110247,B
110248,C
110249,C
110250,C
110251,B
110252,C
110253,C
110254,B
110255,C
110256,C
110257,A
110258,A
110259,D
110260,D
110261,C
110262,B
110263,D
110264,D
110265,A
110266,C
110267,C
110268,A
110269,B
110270,C
110271,A
110272,C
110273,B
110274,B
110275,A
110276,B
110277,D
110278,B
110279,D
110280,C
110281,B
110282,B
110283,D
110284,A
110285,D
110286,D
110287,B
110288,B
110289,D
110290,A
110291,B
110292,C
110293,A
110294,B
110295,A
110296,D
110297,C
110298,A
110299,B
110300,B
110301,A
110302,D
110303,A
110304,B
110305,B
110306,D
110307,D
110308,A
110309,B
110310,D
110311,A
110312,B
110313,C
110314,B
110315,A
110316,A
110317,B
110318,C
110319,A
110320,A
110321,A
110322,A
110323,D
110324,D
110325,A
110326,C
110327,A
110328,A
110329,D
110330,A
110331,B
110332,D
110333,A
110334,D
110335,B
110336,C
110337,C
110338,D
110339,C
110340,A
110341,C
110342,C
110343,C
110344,A
110345,C
110346,D
110347,C
110348,C
110349,A
110350,C
110351,B
110352,D
110353,B
110354,B
110355,B
110356,B
110357,B
110358,D
110359,B
110360,B
110361,B
110362,B
110363,B
110364,A
110365,A
110366,C
110367,A
110368,A
110369,C
110370,D
110371,D
110372,C
110373,A
110374,A
110375,C
110376,A
110377,A
110378,D
110379,D
110380,B
110381,D
110382,D
110383,C
110384,D
110385,A
110386,A
110387,B
110388,B
110389,A
110390,D
110391,A
110392,B
110393,A
110394,B
110395,C
110396,D
110397,B
110398,C
110399,B
110400,B
110401,D
110402,B
110403,A
110404,C
110405,A
110406,C
110407,B
110408,A
110409,B
110410,B
110411,A
110412,D
110413,D
110414,B
110415,B
110416,A
110417,C
110418,A
110419,C
110420,C
110421,B
110422,A
110423,B
110424,A
110425,A
110426,A
110427,C
110428,A
110429,A
110430,B
110431,B
110432,D
110433,A
110434,C
110435,D
110436,B
110437,B
110438,D
110439,B
110440,A
110441,D
110442,D
110443,B
110444,A
110445,A
110446,C
110447,B
110448,B
110449,A
110450,A
110451,B
110452,D
110453,B
110454,B
110455,B
110456,A
110457,C
110458,D
110459,D
110460,B
110461,A
110462,D
110463,A
110464,A
110465,C
110466,A
110467,A
110468,C
110469,A
110470,C
110471,B
110472,C
110473,A
110474,C
110475,D
110476,B
110477,B
110478,C
110479,C
110480,B
110481,A
110482,D
110483,A
110484,D
110485,C
110486,D
110487,B
110488,A
110489,A
110490,B
110491,A
110492,C
110493,B
110494,D
110495,C
110496,A
110497,A
110498,D
110499,B
110500,A
110501,C
110502,D
110503,C
110504,C
110505,A
110506,B
110507,B
110508,A
110509,A
110510,B
110511,C
110512,D
110513,C
110514,C
110515,A
110516,C
110517,B
110518,A
110519,C
110520,C
110521,C
110522,D
110523,D
110524,D
110525,C
110526,D
110527,B
110528,D
110529,B
110530,A
110531,D
110532,D
110533,A
110534,C
110535,A
110536,D
110537,B
110538,D
110539,A
110540,D
110541,D
110542,C
110543,A
110544,C
110545,C
110546,B
110547,C
110548,C
110549,C
110550,B
110551,D
110552,A
110553,A
110554,C
110555,B
110556,C
110557,D
110558,C
110559,A
110560,A
110561,A
110562,A
110563,B
110564,C
110565,D
110566,D
110567,B
110568,D
110569,B
110570,A
110571,B
110572,B
110573,B
110574,A
110575,D
110576,A
110577,C
110578,B
110579,A
110580,D
110581,A
110582,C
110583,C
110584,B
110585,C
110586,C
110587,A
110588,D
110589,B
110590,C
110591,D
110592,C
110593,C
110594,D
110595,A
110596,D
110597,D
110598,C
110599,D
110600,C
110601,C
110602,A
110603,C
110604,C
110605,C
110606,D
110607,C
110608,D
110609,D
110610,B
110611,A
110612,A
110613,D
110614,D
110615,B
110616,D
110617,D
110618,D
110619,D
110620,C
110621,C
110622,D
110623,C
110624,A
110625,B
110626,B
110627,B
110628,A
110629,A
110630,B
110631,B
110632,A
